Incident ID,Application ID,Incident Creation Timestamp,Resolution Timestamp,Incident Title,Incident Description,Root Cause,Resolution,Severity
INC9990362452,4356-1(Online Banking),18/11/2025  10:18,18/11/2025  16:17,Performance issue with Investment section in Online Banking application,Customers were experiencing extreme slowness and in some cases timeout error while loading the investment section in Online Banking application,There were indexes missing in the query planner at the database level of the source application which caused high response times for multiple backend calls.,"Step 01: Analyzed the end-to-end application flow across various components starting with apache, tomcat, backend database (app_logger table) and fabric instance.
Step 02: Logs from each component were investigated to isolate the backend calls which showed unusually higher response times.
Step 03: After isolating the problematic calls to the customer_profile service which connects to the core banking application to retrieve the client data, the vendor support along with the developement team were engaged.
Step 04: Upon further investigation, it was identified that the backend database calls were performing slowly due to missing indexes in the query planner.
Step 05: The vendor support created the required indexes to optimize the query planner. 
Step 06: As a result, the response times for the affected calls improved significantly as reflected in new relic monitoring screens as well, restoring the application performance.",P3H
INC9990282310,4356-1(Online Banking),7/11/25 11:00,7/11/25 15:00,Multiple instant payments initiated by clients via Online Banking and MyBank apllications were rejected,Instant payments initiated by customers in Online Banking and MyBank applications were rejected,"1. Rejected by RTE due to negative response from Clearing i.e. payment was not allowed at the beneficiary bank
2. Rejected by fraud check team based on business rules applied at their end e.g. maximum amount exceeding EUR 10,000 for a new beneficiary
3. Timeout error during fraud payment check
4. Invalid counterparty account
5. Initiator applications were not onboarded to the Central Instant_Payment platform
","Step 01: Connected to the instant payment database to identify the payment reference based on client ID, source account and payment initiation date
Step 02: Logs from the Instant_Payment microservice in fabric (dk9240) instance were investigated to verify the rejection code
Step 03: Necessary actions were taken based on the rejection code.
a) Rejection code RJCT025 - Rejected by beneficiary bank, clients were informed to check in case the beneficiary is allowed to receive instant payment.
b) Rejection code RJCT046 - Rejected by fraud check, the fraud check support was contacted to verify the exact rejection criteria. For example, if clients have initiated payment of EUR 10,000 in the last 24 hrs to a new beneficiary, they were not able to make further payments and had to wait until tge 24 hr period is over.
c) Rejection code RJCT013 - Rejected due to timeout error from the counterparty directly during fraud check. Cients were duly informed that the beneficiary bank didn't respond in time with regards to the fraud check and hence to safeguard the client's money the payment was rejected.
d) Rejection code RJCT022 - Rejected due to invalid counterparty account details. Clients were advised to verify the details provided for the beneficiary account as tge payment was rejected directly by the beneficiary bank.
e) Payment initiator channels were onboarded to the central platform to allow the instant payments.
",P3M
INC9991543236,5432-1(ODS),11/11/25 17:08,11/11/25 20:00,Payment processing getting failed in ODS,Payments registered via OLB are not sent to central system for further processing,Informatica(ETL) job responsible for sending the payments to central system is getting failed as there is an overlap between the 1st and 2nd run of the day,"Step 01:Verify the status of respective ETL (wf_payments)                             
Step 02: if the ETL is in unscheduled state, note down the transactions that were not sent to clearing house and inform to business.
Step 03:Process the pending records by scheduling the ETL (wf_Payments).  
This is a known issue with the scheduling in the current version of informatica(10.5). Vendor has provided the patch to fix the scheduling issue",P3C
INC9999843212,5432-1(ODS),11/11/25 17:08,11/11/25 20:00,Customers are not able to see the latest status of their payment in online banking,Latest Payment status is not reflecting in front end  which were already processed at ODS and Central bank system.,"Due to  an issue with the authentication service, ETL responsible for updating the payment status in front end got failed","Step 01: Verify the status of respective ETL (wf_payment_Status)                          Step 02: Verify the error in the informatica session logs.
Step 03: If the error is ""Not able to connect authentication microservice"", then it is an issue with the ""authehtication"" microservice                                                                                Step 04: Contact authentication support team (xyz@authentication.com) to fix the issue.                                        
Step 05:Post getting the confitmation from authetication team on fixing the issue, place all the backlog files present under path /authentication/input to source path (/authentication/source) and trigger the ETL(wf_payment_status) from failed session                 ",P3C
INC9999843313,5432-1(ODS),11/11/25 17:08,11/11/25 20:00,Payment processing getting failed in ODS due to duplicate payment records,Payments registered via OLB are not sent to central system for further processing,"There were duplicate payment records in the file. To prevent duplicate data from being sent to the Central system,the responsible ETL's process was designed to fail automatically if duplicates are detected due to which all the payments were stuck","Step 01: Verify/Check  the respective ETL Status (wf_Payments).                   Step 02: Check if the session (s_duplicate_check) is failed.
Step 03: If it is failed in the above session, check the session logs with error ""duplicate records exist""
Step 04: If the above mentioned error exists, move the file TXXXX to /temporary path                                                                     
Step 05: Retrigger the ETL from next session",P3C
INC9999840017,5432-1(ODS),11/11/25 17:08,11/11/25 20:00,Confirmation file from central bank is not received due to which 2nd set of file is not sent to central bank,"After sending the file from ODS to central bank, confirmation file was not received",Confirmation file is not received from central bank,"Step 01: Verify the status ofrespective ETL (wf_Central_Bank).
Step 02: Check the session(s_confirmation) logs.                                                                                                               Step 03: Check for the error ""unavailability of confirmation file"".                                                          Step 04: Send mail to central bank to check if the file sent by application team is processed successfully at their end or not
Step 05: If central bank confirms file is processed successfully, change the status of column 'send_status' in table 'central_bank_report' from 'failed' to 'completed'
Step 06: Post changing the status, trigger tje wf_Central_Bank workflow",P3C
INC9999840016,5431-1(DWH),10/18/24 10:00,10/25/24 12:00,Latest data not loaded in datawarehouse,ETL responsible for loading data into datawarehouse got stuck,File from core banking system is not available,"Step 01: Verify in which command task ETL (wf_Datawarehouse_Load) got stuck
Step 02: Open the respective command task in the workflow manager and find out the path and the file name
Step 03: Check with the core banking team (corebanking@ab.com) about the file availability and parallely inform the datawarehouse team if we can skip the file and process remaining ETL or wait for the file
Step 04: Based on the feedback from the datawarehouse, proceed with next steps",
INC9999840112,5432-1(ODS),10/10/24 10:00,10/18/24 10:00,Customers are not getting the e-mails or sms related to their trading activity,Job responsible for sending emails and sms to customers related to their trading is getting failed,Connectivity issue between backend application and the vendor responsible for sending the emails or sms,"Step 01: Verify the status of respective ETL (wf_email_sms)
Step 02: if the command task (cmd_email_sms) responsible for sending the file to vendor is failed, move the output file from /archive path to /target path
Step 03: Retrigger the failed command task (cmd_email_sms)",
INC9999840113,5432-1(ODS),10/18/24 10:00,10/25/24 12:00,Customers are not getting the e-mails or sms related to their trading activity,Job responsible for sending emails and sms to customers related to their trading is getting failed,Multiple files were present in the input path instead of single file,"Step 01: Verify the status of respective ETL (wf_email_sms)
Step 02: if the command task (cmd_input_file) responsible for treating the input file is failed, verify the unix logs
Step 03: If it contains error like ""unable to handle multiple files"", drop mail to source team (email@sms.com) to get confirmation on which file needs to be processed
Step 04: Post getting the confirmation on the file that needs to be processed,  move the other files to /temp path
Step 05: Trigger the ETL (wf_email_sms)
",
INC9999840254,5432-1(ODS),10/25/24 12:00,10/28/24 12:00,Customers have not received their electronic statements,Job responsible for sending the electronic statements to external vendor is failed,Input file not received from source team,"Step 01: Verify the status of respective ETL (wf_electronic_statements)
Step 02: Check if the file (electronic_statements.txt) is present under the path /file/electronic_statements.
Step 03: If file is not present , drop mail to source team (electronic_statements@sms.com) 
Step 04: Post getting the file, trigger the ETL (wf_electronic_statements)
",
INC9991324567,4356-1(Online Banking),15/10/2025 12:00,15/10/2025 15:00,Customer is not able to initiate payment via online banking,Customers are not able to initiate payments via online banking.,Benificary name returned as part of verification of payee service exceeded the maximum number of allowed characters,"1. Identify which step in the payment flow is failing
2. Verify the log of the corresponding layer identified in step 1
3. Based on the error information in the logs, root cause was linked to the database column length which was not able to accomodate the beneficiary name
4. Increase the column length ",P3C
INC9994589764,4356-1(Online Banking),18/10/2025 16:00,18/10/2025 18:00,Online Banking unavailable for the Customer,The customers are unable to log on into Online Banking application,Issue with interfacing system,"1. As a first step, verify apache access logs to see the http response code
2. if the response code is not 200, then verify the backend service (tomcat) to check calls to which interfacing system is failing
3. Post identifying the details of interfacing system, contact the respective interfacing support team for fixing the issue",P3H
INC9990124501,4356-1(Online Banking),20/10/2025 10:00,20/10/2025 12:00,Public Website was failing for the Customer,Public Website module started failing due to issue with dweb certificate,One of the internet facing certificate got expired,"Application support team checked the certificate expiry date and generated new certificate from certificate generating portal and installed to resolve the issue
1. Please login dweb XXX site, and click TLS Configuration it will open new page then verify certificate expiry date. certificate will be placed automatically from portal.
2. Please check when the certificate generated and placed. if there was no deployment after generate Please triger deployment in dweb XXX .",P3H
INC9990124501,4356-1(Online Banking),6/11/25 10:00,6/11/25 12:00,Multiple Instant payments were rejected from Sales Portal,Instant payments for the customers were getting rejected while trying from Sales Portal,Checked the logs from the effectedmicroservice and found that the payments are rejected when the instant is flagged from 'rent portfolio' to 'e-account',We made a contact with the L3 team with the logs and the issue was fixed over a hotfix change,P3H
INC0029186066,1435-2(Intranet Portal),22/10/2025 11:00,22/10/2025 15:30,TradingBook not accessible from Operational portal,TradingBook not accessible from Operational portal due to issue with TradingBook microservice,"There was an ERROR in the ABC microservice - The content of element type ""global""  must match with ""(validator*,contant*)""",Restart of the TradingBook microservice in instance CS245 was done to resolve the issue,P3M
INC9995412654,1435-2(Intranet Portal),23/10/2025 13:00,23/10/2025 14:00,Customers are unable to access portfolio,Post DR activities the trading module started failing which is blocking customers to consult their portfolio,There were issues with DNS entry from Platform support team,Platform support team worked with 3rd party vendor and fixed the DNS entries post which transactions are taking place,P3H
INC9994875698,1435-2(Intranet Portal),25/10/2025 10:00,25/10/2025 11:00,Portfolio not accessible by the customers,Trading module started failing due to issue in trading microservice,We can see there are multiple timeout error in XXX microservice effecting the DB customer to consult their portfolio,"We have restarted the effected microservice to bring the service back
1. Please login splunk portal and verify if any timeout error in XXX microservice, if error is showing please stop & start the service.
2. After start please verify if application is working or not",P3M
INC9994587132,1435-2(Intranet Portal),28/10/2025 15:00,28/10/2025 15:30,Customers are intermittently getting blocled to consult portfolio,Portfolio was not reachable for the customers due to issue at one of the 3rd party end,GetBondorderStatus call was failing at the 3rd party end which was blocking the customer to consult portfolio,A JIRA was raised towards the concerned 3rd party after which they have solved the issue consulting with their IT team,P3H
INC9990123546,7458-1(Mybank),31/10/2025 8:00,31/10/2025 9:00,Mybank New Trading module was failing in Production,Trading module was failing for Mobile application which was disrupting the customers to consult portfolio from Mobile App,Checked the logs  and found time out error from from one of the microservice - No reply from Tasc/OdataAdapter Hence timed out,"We have restarted the effected microservice to bring the service back
1. Please login splunk portal and verify if any timeout error in XXX microservice, if error is showing please stop & start the service.
2. After start please verify if application is working or not",P3H
INC9994510254,7458-1(Mybank),1/11/25 9:00,1/11/25 10:00,MyBank Trading module was failing intermittently,There was an issue with one of the microservices which was effecting to perform trading via Mobile App,While investigating we noticed that there is an issue in  Get Accessible portfolio call at Primary node of the microservice which was effecting the  trading via Mobile App,We have stopped the Primary node of effected microservice and started the service at DR node which has solved the issue,P3M
INC9994512036,7458-1(Mybank),5/11/25 2:00,5/11/25 3:00,Portfolio unavailable to the customers from MyBank App,Customers are unable to consult portfolio from Mobile Application due to issue at one of the 3rd Party,From one of the microservice logs we could see that there were multiple calls are failing due to timeout issue from the 3rd party vendor end,"A JIRA was raised towards that 3rd Party after which they have solved the issue consulting with their IT team
1. Please login Jira portal and submit the ticket to third party vendor.",P3H
INC9991543598,9292-1 (AS400),10/10/25 17:08,11/10/25 20:00,Currency conversion rates for the day were not available,Customers are not able to see the conversion rates ,Finance team has not uploaded the latest file in the respective folder,"1. Application support has to contact the finance team to place the file and upload it to AS400 system.
2. After the finance team places the file in the respective path, it will get automatically processed",P3M
INC9991628354,9292-1 (AS400),13/10/2025  08:00,13/10/2025  10:00,Job xxxJH701_1 (daily banking fee for customers) got struck and could not proceed further,Daily Banking fee for customers are not charged and the entries in core banking (AS400) data base are not updated,System detected a duplicate file from the past days and caused the job not to process further. ,"Application support team has performed following steps to correct the situation 
1. Navigate through point 1 - 1, from command line, type in DSPSAVSTP
2. Key in file name GTINBV 
3. Check for the record counts of last 2 files received. 
4. The number of records in both files were different and no duplicates found.
5. Navigate through point 1 - 1, type in command WRKACTJOB 
6. Search for job xxxJH701_1, reply to the job with 'C' to Continue and further steps executed without any issues",P3L
INC9991739463,9292-1 (AS400),16/10/2025  10:00,16/10/2025  12:00,Job xxxJAQ01_1 (Prorata interest calculation for customers) got struck and could not proceed further,Prorata interest calculation for the banking customers not calculated in AS400 system ,"The joblogs spool file got full and it could not get extended, the detailed logs were not printed in the system ","Application support team has performed following steps to correct the situation 
1.  Navigate through point 1 - 1, type in command WRKACTJOB 
2. Search for job xxxxAQ01_1, reply to the job with '999999' to Continue and further steps executed without any issues",P3L
INC9991840572,9292-1 (AS400),17/10/2025  12:00,16/10/2025  14:00,Job xxxxA301_1 (transaction related to branch) got struck and could not proceed further,Customer transactions through bank branch are not updated / fed to the core banking AS400 system   ,The file member got full and could not be extended and branch transaction details are not fed into core banking system,"Application support team has performed following steps to correct the situation 
1.  Navigate through point 1 - 1, type in command WRKACTJOB 
2. Search for job xxxxA301_1, reply to the job with '9999' to Continue and further steps executed without any issues",P3L
INC9991959681,9292-1 (AS400),20/10/2025  14:00,20/10/2025  16:00,Job xxxxCF01_1 (active unit of work for the jobs) got struck and could not proceed further,Active unit of work is holding blip and not allowing it to change,Due to user online banking session goes idle causing the blip to stop and doesn't allow to change,"Support team has killed the active unit of work with following steps 
1. Navigate through point 7 - 1 - 1 - 1 
2. Press F7 and take option 2 to select the AUW
3. Take option 4 to delete the selected AUW
4. Navigatae to point 1 - 1. Type in command WRKACTJOB, the job was replied with OK to continue. 
Job completed with further steps",P3L
INC9992060792,9292-1 (AS400),22/10/2025  16:00,22/10/2025  18:00,Job xxx_BILGTI (On boarding fee in GTI for the customers) got struck and could not proceed further,On boarding fee in GTI for the customers are not able to process in core banking AS400 system,"There was an object lock on a file, it was user using the file at the same time the job tried accessing the file causing this issue.",Application support team contacted the user to log off from the production session and the job was replied with 'R' to retry. The job was retried and completed without issue and processed the onboarding fee,P3L
INC9992161803,9292-1 (AS400),24/10/2025 18:00,24/10/2025  20:00,Job xxx_RECKON (high profile customer transaction) got struck and could not proceed further,High profile banking customer transaction (Kondor +) not processed,Due to missing file / incorrect file with dates were placed by operations teams causing the issue in core banking AS400,"1. Application support team has requested user to check the respective path to place / to correct the file. 
2. Once the confirmation is received on the  availability of correct file, navigate to point 1 - 1, search for the job 
3. The job was cancelled with option 'C' and re-processed with giving option 'R'",P3L
INC9992272992,9292-1 (AS400),28/10/2025 20:00,28/10/2025 22:00,Job xxxXFBEXT (credit card transaction) got stuck and could not proceed further,Credit card transaction of multilot received from 3rd party vendor will not be updated in core banking AS400 system,The file member got full and could not be extended and credit card transaction details are not fed into core banking system,"Application support team has performed following steps to correct the situation 
1.  Navigate through point 1 - 1, type in command WRKACTJOB 
2. Search for job xxxxXFBEXT, reply to the job with '9999' to Continue and further steps executed without any issues",P3L
INC9992383013,9292-1 (AS400),30/10/2025 22:00,31/10/2025 08:00,"Job xxx_SRxxx (fetch portfolio, customer details) got stuck and could not proceed further",Request from front end to fetch the customer portfolio and other details are not sent to front end screen ,"Due to incorrect data received from front end, the core banking back end could not process the details and send back to front end","Application support team has performed following steps to correct the situation 
1.  Navigate through point 1 - 1, type in command WRKACTJOB 
2. Search for job xxx_SRxxx, reply to the job with 'D' dump 3 times.
3. Navigate to point 5 - 1 - 11 to start the monitor program SRxxx",P3L
INC9992440552,9292-1 (AS400),3/11/25 10:00,3/11/25 0:00,Job xxx_PRTxxx (list of entered transaction) got struck and could not proceed further,The list for transaction entered through walkin and banking customers not calculated in AS400 system ,"The joblogs spool file got full and it could not get extended, the detailed logs were not printed in the system ","Application support team has performed following steps to correct the situation 
1.  Navigate through point 1 - 1, type in command WRKACTJOB 
2. Search for job xxx_PRTxxx, reply to the job with '999999' to Continue and further steps executed without any issues",
